{
  "$schema": "https://raw.githubusercontent.com/grafana/grafana/main/docs/sources/developers/plugins/plugin.schema.json",
  "type": "datasource",
  "name": "PRTG React",
  "id": "sureskills-prtgreact-datasource",
  "metrics": true,
  "info": {
    "description": "Vizualize your prtg data with grafana dashboards",
    "author": {
      "name": "Paidifitz",
      "url": "https://paidifitz.com/"
    },
    "keywords": ["datasource"],
    "logos": {
      "small": "img/logo.svg",
      "large": "img/logo.svg"
    },
    "links": [],
    "screenshots": [],
    "version": "1.2.2",
    "updated": "2025-01-28"
  },
  "dependencies": {
    "grafanaDependency": ">=10.3.3",
    "plugins": []
  }
}
